Model,CV RMSE,MAE,RMSE,R2
Linear Regression,58.94928616511893,23.130940023159894,58.87592443967467,0.7709774465002894
Ridge,57.918391534556044,23.49189632203258,58.787108799456476,0.7716678965490681
Lasso,70.65777101843521,31.17588390547806,71.75089720924629,0.6598602045664961
Random Forest,61.84777366008865,21.232329775481567,63.76097786702113,0.7313958539350556
Gradient Boosting,62.42789900160636,26.551901395425116,67.10985434196537,0.7024394406331773
